{"cameraMode":{"drawMode":0,"name":"Shaded","section":"Shading Mode"},"sceneLighting":false,"audioPlay":false,"sceneViewState":{"m_AlwaysRefresh":false,"showFog":true,"showSkybox":false,"showFlares":true,"showImageEffects":true,"showParticleSystems":true,"showVisualEffectGraphs":true,"m_FxEnabled":true},"in2DMode":false,"pivot":{"x":0.5044211149215698,"y":0.6188517808914185,"z":0.013235951773822308},"rotation":{"x":-0.28395965695381167,"y":0.5882861614227295,"z":-0.23232288658618928,"w":-0.7208503484725952},"size":0.014296234585344792,"orthographic":false}