{"cameraMode":{"drawMode":0,"name":"Shaded","section":"Shading Mode"},"sceneLighting":true,"audioPlay":false,"sceneViewState":{"m_AlwaysRefresh":false,"showFog":true,"showSkybox":true,"showFlares":true,"showImageEffects":true,"showParticleSystems":true,"showVisualEffectGraphs":true,"m_FxEnabled":true},"in2DMode":false,"pivot":{"x":37.350341796875,"y":2.0693187713623049,"z":28.616836547851564},"rotation":{"x":-0.028476448729634286,"y":0.02428022027015686,"z":0.001732175936922431,"w":0.999626874923706},"size":17.320512771606447,"orthographic":false}