{"cameraMode":{"drawMode":0,"name":"Shaded","section":"Shading Mode"},"sceneLighting":true,"audioPlay":false,"sceneViewState":{"m_AlwaysRefresh":false,"showFog":true,"showSkybox":true,"showFlares":true,"showImageEffects":true,"showParticleSystems":true,"showVisualEffectGraphs":true,"m_FxEnabled":true},"in2DMode":false,"pivot":{"x":22.760883331298829,"y":0.3387373685836792,"z":-1.1767936944961548},"rotation":{"x":0.26243382692337038,"y":0.5623725652694702,"z":-0.19267411530017854,"w":0.7605414986610413},"size":0.726844310760498,"orthographic":false}