{"cameraMode":{"drawMode":0,"name":"Shaded","section":"Shading Mode"},"sceneLighting":true,"audioPlay":false,"sceneViewState":{"m_AlwaysRefresh":false,"showFog":true,"showSkybox":true,"showFlares":true,"showImageEffects":true,"showParticleSystems":true,"showVisualEffectGraphs":true,"m_FxEnabled":true},"in2DMode":false,"pivot":{"x":36.007164001464847,"y":-6.594436168670654,"z":13.028940200805664},"rotation":{"x":0.23273566365242005,"y":-0.020523682236671449,"z":0.005837684962898493,"w":0.9725915193557739},"size":12.12435531616211,"orthographic":false}