{"cameraMode":{"drawMode":0,"name":"Shaded","section":"Shading Mode"},"sceneLighting":false,"audioPlay":false,"sceneViewState":{"m_AlwaysRefresh":false,"showFog":true,"showSkybox":false,"showFlares":true,"showImageEffects":true,"showParticleSystems":true,"showVisualEffectGraphs":true,"m_FxEnabled":true},"in2DMode":false,"pivot":{"x":0.20126710832118989,"y":0.3725448250770569,"z":-0.025571469217538835},"rotation":{"x":-0.18925562500953675,"y":0.4139939248561859,"z":-0.08886309713125229,"w":-0.8861201405525208},"size":0.3359207212924957,"orthographic":false}