{"cameraMode":{"drawMode":0,"name":"Shaded","section":"Shading Mode"},"sceneLighting":false,"audioPlay":false,"sceneViewState":{"m_AlwaysRefresh":false,"showFog":true,"showSkybox":false,"showFlares":true,"showImageEffects":true,"showParticleSystems":true,"showVisualEffectGraphs":true,"m_FxEnabled":true},"in2DMode":false,"pivot":{"x":0.06398311257362366,"y":0.5799403786659241,"z":-0.15261700749397279},"rotation":{"x":-0.2767908275127411,"y":0.429326593875885,"z":-0.14055979251861573,"w":-0.8483049869537354},"size":0.3359207212924957,"orthographic":false}